时间（秒）,轴向坐标（米）,轴向坐标（厘米）,轴线上二维温度（摄氏度）,轴线上二维含水率,侧面二维温度（摄氏度）,侧面二维含水率,端面轴心表面温度（摄氏度）,端面轴心表面含水率
0.0000,0.0025,0.2451,28.0000,2.5500,28.0000,2.5500,28.0000,2.5500
0.0000,0.0074,0.7353,28.0000,2.5500,28.0000,2.5500,28.0000,2.5500
0.0000,0.0123,1.2255,28.0000,2.5500,28.0000,2.5500,28.0000,2.5500
0.0000,0.0172,1.7157,28.0000,2.5500,28.0000,2.5500,28.0000,2.5500
0.0000,0.0221,2.2059,28.0000,2.5500,28.0000,2.5500,28.0000,2.5500
0.0000,0.0270,2.6961,28.0000,2.5500,28.0000,2.5500,28.0000,2.5500
0.0000,0.0319,3.1863,28.0000,2.5500,28.0000,2.5500,28.0000,2.5500
0.0000,0.0368,3.6765,28.0000,2.5500,28.0000,2.5500,28.0000,2.5500
0.0000,0.0417,4.1667,28.0000,2.5500,28.0000,2.5500,28.0000,2.5500
0.0000,0.0466,4.6569,28.0000,2.5500,28.0000,2.5500,28.0000,2.5500
0.0000,0.0515,5.1471,28.0000,2.5500,28.0000,2.5500,28.0000,2.5500
0.0000,0.0564,5.6373,28.0000,2.5500,28.0000,2.5500,28.0000,2.5500
0.0000,0.0613,6.1275,28.0000,2.5500,28.0000,2.5500,28.0000,2.5500
0.0000,0.0662,6.6176,28.0000,2.5500,28.0000,2.5500,28.0000,2.5500
0.0000,0.0711,7.1078,28.0000,2.5500,28.0000,2.5500,28.0000,2.5500
0.0000,0.0760,7.5980,28.0000,2.5500,28.0000,2.5500,28.0000,2.5500
0.0000,0.0809,8.0882,28.0000,2.5500,28.0000,2.5500,28.0000,2.5500
0.0000,0.0858,8.5784,28.0000,2.5500,28.0000,2.5500,28.0000,2.5500
0.0000,0.0907,9.0686,28.0000,2.5500,28.0000,2.5500,28.0000,2.5500
0.0000,0.0956,9.5588,28.0000,2.5500,28.0000,2.5500,28.0000,2.5500
0.0000,0.1005,10.0490,28.0000,2.5500,28.0000,2.5500,28.0000,2.5500
0.0000,0.1054,10.5392,28.0000,2.5500,28.0000,2.5500,28.0000,2.5500
0.0000,0.1103,11.0294,28.0000,2.5500,28.0000,2.5500,28.0000,2.5500
0.0000,0.1152,11.5196,28.0000,2.5500,28.0000,2.5500,28.0000,2.5500
0.0000,0.1201,12.0098,28.0000,2.5500,28.0000,2.5500,28.0000,2.5500
0.0000,0.1250,12.5000,28.0000,2.5500,28.0000,2.5500,28.0000,2.5500
0.0000,0.1299,12.9902,28.0000,2.5500,28.0000,2.5500,28.0000,2.5500
0.0000,0.1348,13.4804,28.0000,2.5500,28.0000,2.5500,28.0000,2.5500
0.0000,0.1397,13.9706,28.0000,2.5500,28.0000,2.5500,28.0000,2.5500
0.0000,0.1446,14.4608,28.0000,2.5500,28.0000,2.5500,28.0000,2.5500
0.0000,0.1495,14.9510,28.0000,2.5500,28.0000,2.5500,28.0000,2.5500
0.0000,0.1544,15.4412,28.0000,2.5500,28.0000,2.5500,28.0000,2.5500
0.0000,0.1593,15.9314,28.0000,2.5500,28.0000,2.5500,28.0000,2.5500
0.0000,0.1642,16.4216,28.0000,2.5500,28.0000,2.5500,28.0000,2.5500
0.0000,0.1691,16.9118,28.0000,2.5500,28.0000,2.5500,28.0000,2.5500
0.0000,0.1740,17.4020,28.0000,2.5500,28.0000,2.5500,28.0000,2.5500
0.0000,0.1789,17.8922,28.0000,2.5500,28.0000,2.5500,28.0000,2.5500
0.0000,0.1838,18.3824,28.0000,2.5500,28.0000,2.5500,28.0000,2.5500
0.0000,0.1887,18.8725,28.0000,2.5500,28.0000,2.5500,28.0000,2.5500
0.0000,0.1936,19.3627,28.0000,2.5500,28.0000,2.5500,28.0000,2.5500
0.0000,0.1985,19.8529,28.0000,2.5500,28.0000,2.5500,28.0000,2.5500
0.0000,0.2034,20.3431,28.0000,2.5500,28.0000,2.5500,28.0000,2.5500
0.0000,0.2083,20.8333,28.0000,2.5500,28.0000,2.5500,28.0000,2.5500
0.0000,0.2132,21.3235,28.0000,2.5500,28.0000,2.5500,28.0000,2.5500
0.0000,0.2181,21.8137,28.0000,2.5500,28.0000,2.5500,28.0000,2.5500
0.0000,0.2230,22.3039,28.0000,2.5500,28.0000,2.5500,28.0000,2.5500
0.0000,0.2279,22.7941,28.0000,2.5500,28.0000,2.5500,28.0000,2.5500
0.0000,0.2328,23.2843,28.0000,2.5500,28.0000,2.5500,28.0000,2.5500
0.0000,0.2377,23.7745,28.0000,2.5500,28.0000,2.5500,28.0000,2.5500
0.0000,0.2426,24.2647,28.0000,2.5500,28.0000,2.5500,28.0000,2.5500
0.0000,0.2475,24.7549,28.0000,2.5500,28.0000,2.5500,28.0000,2.5500
1800.0000,0.0025,0.2451,36.6181,2.1445,38.5256,1.2584,37.3300,1.5156
1800.0000,0.0074,0.7353,35.6208,2.4855,37.9426,1.4783,35.6208,2.4855
1800.0000,0.0123,1.2255,34.9339,2.5423,37.5499,1.5121,34.9339,2.5423
1800.0000,0.0172,1.7157,34.4694,2.5492,37.2875,1.5159,34.4694,2.5492
1800.0000,0.0221,2.2059,34.1621,2.5499,37.1149,1.5163,34.1621,2.5499
1800.0000,0.0270,2.6961,33.9633,2.5500,37.0036,1.5163,33.9633,2.5500
1800.0000,0.0319,3.1863,33.8375,2.5500,36.9334,1.5163,33.8375,2.5500
1800.0000,0.0368,3.6765,33.7598,2.5500,36.8900,1.5163,33.7598,2.5500
1800.0000,0.0417,4.1667,33.7128,2.5500,36.8638,1.5163,33.7128,2.5500
1800.0000,0.0466,4.6569,33.6849,2.5500,36.8483,1.5163,33.6849,2.5500
1800.0000,0.0515,5.1471,33.6688,2.5500,36.8393,1.5163,33.6688,2.5500
1800.0000,0.0564,5.6373,33.6596,2.5500,36.8342,1.5163,33.6596,2.5500
1800.0000,0.0613,6.1275,33.6545,2.5500,36.8314,1.5163,33.6545,2.5500
1800.0000,0.0662,6.6176,33.6518,2.5500,36.8298,1.5163,33.6518,2.5500
1800.0000,0.0711,7.1078,33.6503,2.5500,36.8290,1.5163,33.6503,2.5500
1800.0000,0.0760,7.5980,33.6495,2.5500,36.8285,1.5163,33.6495,2.5500
1800.0000,0.0809,8.0882,33.6491,2.5500,36.8283,1.5163,33.6491,2.5500
1800.0000,0.0858,8.5784,33.6489,2.5500,36.8282,1.5163,33.6489,2.5500
1800.0000,0.0907,9.0686,33.6488,2.5500,36.8281,1.5163,33.6488,2.5500
1800.0000,0.0956,9.5588,33.6487,2.5500,36.8281,1.5163,33.6487,2.5500
1800.0000,0.1005,10.0490,33.6487,2.5500,36.8281,1.5163,33.6487,2.5500
1800.0000,0.1054,10.5392,33.6487,2.5500,36.8281,1.5163,33.6487,2.5500
1800.0000,0.1103,11.0294,33.6487,2.5500,36.8281,1.5163,33.6487,2.5500
1800.0000,0.1152,11.5196,33.6487,2.5500,36.8281,1.5163,33.6487,2.5500
1800.0000,0.1201,12.0098,33.6487,2.5500,36.8281,1.5163,33.6487,2.5500
1800.0000,0.1250,12.5000,33.6487,2.5500,36.8281,1.5163,33.6487,2.5500
1800.0000,0.1299,12.9902,33.6487,2.5500,36.8281,1.5163,33.6487,2.5500
1800.0000,0.1348,13.4804,33.6487,2.5500,36.8281,1.5163,33.6487,2.5500
1800.0000,0.1397,13.9706,33.6487,2.5500,36.8281,1.5163,33.6487,2.5500
1800.0000,0.1446,14.4608,33.6487,2.5500,36.8281,1.5163,33.6487,2.5500
1800.0000,0.1495,14.9510,33.6487,2.5500,36.8281,1.5163,33.6487,2.5500
1800.0000,0.1544,15.4412,33.6487,2.5500,36.8281,1.5163,33.6487,2.5500
1800.0000,0.1593,15.9314,33.6488,2.5500,36.8281,1.5163,33.6488,2.5500
1800.0000,0.1642,16.4216,33.6489,2.5500,36.8282,1.5163,33.6489,2.5500
1800.0000,0.1691,16.9118,33.6491,2.5500,36.8283,1.5163,33.6491,2.5500
1800.0000,0.1740,17.4020,33.6495,2.5500,36.8285,1.5163,33.6495,2.5500
1800.0000,0.1789,17.8922,33.6503,2.5500,36.8290,1.5163,33.6503,2.5500
1800.0000,0.1838,18.3824,33.6518,2.5500,36.8298,1.5163,33.6518,2.5500
1800.0000,0.1887,18.8725,33.6545,2.5500,36.8314,1.5163,33.6545,2.5500
1800.0000,0.1936,19.3627,33.6596,2.5500,36.8342,1.5163,33.6596,2.5500
1800.0000,0.1985,19.8529,33.6688,2.5500,36.8393,1.5163,33.6688,2.5500
1800.0000,0.2034,20.3431,33.6849,2.5500,36.8483,1.5163,33.6849,2.5500
1800.0000,0.2083,20.8333,33.7128,2.5500,36.8638,1.5163,33.7128,2.5500
1800.0000,0.2132,21.3235,33.7598,2.5500,36.8900,1.5163,33.7598,2.5500
1800.0000,0.2181,21.8137,33.8375,2.5500,36.9334,1.5163,33.8375,2.5500
1800.0000,0.2230,22.3039,33.9633,2.5500,37.0036,1.5163,33.9633,2.5500
1800.0000,0.2279,22.7941,34.1621,2.5499,37.1149,1.5163,34.1621,2.5499
1800.0000,0.2328,23.2843,34.4694,2.5492,37.2875,1.5159,34.4694,2.5492
1800.0000,0.2377,23.7745,34.9339,2.5423,37.5499,1.5121,34.9339,2.5423
1800.0000,0.2426,24.2647,35.6208,2.4855,37.9426,1.4783,35.6208,2.4855
1800.0000,0.2475,24.7549,36.6181,2.1445,38.5256,1.2584,37.3300,1.5156
3600.0000,0.0025,0.2451,44.6984,1.8883,45.8110,0.8744,45.1037,1.3166
3600.0000,0.0074,0.7353,44.0883,2.3699,45.4613,1.1449,44.0883,2.3699
3600.0000,0.0123,1.2255,43.6197,2.5082,45.1969,1.2142,43.6197,2.5082
3600.0000,0.0172,1.7157,43.2633,2.5391,44.9971,1.2284,43.2633,2.5391
3600.0000,0.0221,2.2059,42.9961,2.5446,44.8478,1.2308,42.9961,2.5446
3600.0000,0.0270,2.6961,42.7985,2.5454,44.7376,1.2311,42.7985,2.5454
3600.0000,0.0319,3.1863,42.6542,2.5455,44.6571,1.2311,42.6542,2.5455
3600.0000,0.0368,3.6765,42.5500,2.5455,44.5991,1.2311,42.5500,2.5455
3600.0000,0.0417,4.1667,42.4757,2.5455,44.5577,1.2311,42.4757,2.5455
3600.0000,0.0466,4.6569,42.4233,2.5455,44.5285,1.2311,42.4233,2.5455
3600.0000,0.0515,5.1471,42.3868,2.5455,44.5082,1.2311,42.3868,2.5455
3600.0000,0.0564,5.6373,42.3617,2.5455,44.4942,1.2311,42.3617,2.5455
3600.0000,0.0613,6.1275,42.3446,2.5455,44.4847,1.2311,42.3446,2.5455
3600.0000,0.0662,6.6176,42.3331,2.5455,44.4783,1.2311,42.3331,2.5455
3600.0000,0.0711,7.1078,42.3255,2.5455,44.4740,1.2311,42.3255,2.5455
3600.0000,0.0760,7.5980,42.3205,2.5455,44.4713,1.2311,42.3205,2.5455
3600.0000,0.0809,8.0882,42.3173,2.5455,44.4695,1.2311,42.3173,2.5455
3600.0000,0.0858,8.5784,42.3152,2.5455,44.4683,1.2311,42.3152,2.5455
3600.0000,0.0907,9.0686,42.3139,2.5455,44.4676,1.2311,42.3139,2.5455
3600.0000,0.0956,9.5588,42.3131,2.5455,44.4671,1.2311,42.3131,2.5455
3600.0000,0.1005,10.0490,42.3125,2.5455,44.4668,1.2311,42.3125,2.5455
3600.0000,0.1054,10.5392,42.3122,2.5455,44.4667,1.2311,42.3122,2.5455
3600.0000,0.1103,11.0294,42.3121,2.5455,44.4666,1.2311,42.3121,2.5455
3600.0000,0.1152,11.5196,42.3120,2.5455,44.4665,1.2311,42.3120,2.5455
3600.0000,0.1201,12.0098,42.3119,2.5455,44.4665,1.2311,42.3119,2.5455
3600.0000,0.1250,12.5000,42.3119,2.5455,44.4665,1.2311,42.3119,2.5455
3600.0000,0.1299,12.9902,42.3119,2.5455,44.4665,1.2311,42.3119,2.5455
3600.0000,0.1348,13.4804,42.3120,2.5455,44.4665,1.2311,42.3120,2.5455
3600.0000,0.1397,13.9706,42.3121,2.5455,44.4666,1.2311,42.3121,2.5455
3600.0000,0.1446,14.4608,42.3122,2.5455,44.4667,1.2311,42.3122,2.5455
3600.0000,0.1495,14.9510,42.3125,2.5455,44.4668,1.2311,42.3125,2.5455
3600.0000,0.1544,15.4412,42.3131,2.5455,44.4671,1.2311,42.3131,2.5455
3600.0000,0.1593,15.9314,42.3139,2.5455,44.4676,1.2311,42.3139,2.5455
3600.0000,0.1642,16.4216,42.3152,2.5455,44.4683,1.2311,42.3152,2.5455
3600.0000,0.1691,16.9118,42.3173,2.5455,44.4695,1.2311,42.3173,2.5455
3600.0000,0.1740,17.4020,42.3205,2.5455,44.4713,1.2311,42.3205,2.5455
3600.0000,0.1789,17.8922,42.3255,2.5455,44.4740,1.2311,42.3255,2.5455
3600.0000,0.1838,18.3824,42.3331,2.5455,44.4783,1.2311,42.3331,2.5455
3600.0000,0.1887,18.8725,42.3446,2.5455,44.4847,1.2311,42.3446,2.5455
3600.0000,0.1936,19.3627,42.3617,2.5455,44.4942,1.2311,42.3617,2.5455
3600.0000,0.1985,19.8529,42.3868,2.5455,44.5082,1.2311,42.3868,2.5455
3600.0000,0.2034,20.3431,42.4233,2.5455,44.5285,1.2311,42.4233,2.5455
3600.0000,0.2083,20.8333,42.4757,2.5455,44.5577,1.2311,42.4757,2.5455
3600.0000,0.2132,21.3235,42.5500,2.5455,44.5991,1.2311,42.5500,2.5455
3600.0000,0.2181,21.8137,42.6542,2.5455,44.6571,1.2311,42.6542,2.5455
3600.0000,0.2230,22.3039,42.7985,2.5454,44.7376,1.2311,42.7985,2.5454
3600.0000,0.2279,22.7941,42.9961,2.5446,44.8478,1.2308,42.9961,2.5446
3600.0000,0.2328,23.2843,43.2633,2.5391,44.9971,1.2284,43.2633,2.5391
3600.0000,0.2377,23.7745,43.6197,2.5082,45.1969,1.2142,43.6197,2.5082
3600.0000,0.2426,24.2647,44.0883,2.3699,45.4613,1.1449,44.0883,2.3699
3600.0000,0.2475,24.7549,44.6984,1.8883,45.8110,0.8744,45.1037,1.3166
7200.0000,0.0025,0.2451,49.4854,1.5410,49.6420,0.4999,49.5387,1.0443
7200.0000,0.0074,0.7353,49.3959,2.0942,49.5914,0.7721,49.3959,2.0942
7200.0000,0.0123,1.2255,49.3226,2.3338,49.5502,0.8728,49.3226,2.3338
7200.0000,0.0172,1.7157,49.2634,2.4230,49.5170,0.9073,49.2634,2.4230
7200.0000,0.0221,2.2059,49.2155,2.4508,49.4903,0.9172,49.2155,2.4508
7200.0000,0.0270,2.6961,49.1769,2.4583,49.4688,0.9196,49.1769,2.4583
7200.0000,0.0319,3.1863,49.1458,2.4600,49.4514,0.9201,49.1458,2.4600
7200.0000,0.0368,3.6765,49.1208,2.4603,49.4375,0.9202,49.1208,2.4603
7200.0000,0.0417,4.1667,49.1008,2.4604,49.4264,0.9202,49.1008,2.4604
7200.0000,0.0466,4.6569,49.0850,2.4604,49.4176,0.9202,49.0850,2.4604
7200.0000,0.0515,5.1471,49.0725,2.4604,49.4107,0.9202,49.0725,2.4604
7200.0000,0.0564,5.6373,49.0628,2.4604,49.4052,0.9202,49.0628,2.4604
7200.0000,0.0613,6.1275,49.0552,2.4604,49.4010,0.9202,49.0552,2.4604
7200.0000,0.0662,6.6176,49.0493,2.4604,49.3977,0.9202,49.0493,2.4604
7200.0000,0.0711,7.1078,49.0448,2.4604,49.3952,0.9202,49.0448,2.4604
7200.0000,0.0760,7.5980,49.0414,2.4604,49.3933,0.9202,49.0414,2.4604
7200.0000,0.0809,8.0882,49.0388,2.4604,49.3919,0.9202,49.0388,2.4604
7200.0000,0.0858,8.5784,49.0368,2.4604,49.3908,0.9202,49.0368,2.4604
7200.0000,0.0907,9.0686,49.0354,2.4604,49.3900,0.9202,49.0354,2.4604
7200.0000,0.0956,9.5588,49.0343,2.4604,49.3894,0.9202,49.0343,2.4604
7200.0000,0.1005,10.0490,49.0335,2.4604,49.3889,0.9202,49.0335,2.4604
7200.0000,0.1054,10.5392,49.0329,2.4604,49.3886,0.9202,49.0329,2.4604
7200.0000,0.1103,11.0294,49.0326,2.4604,49.3884,0.9202,49.0326,2.4604
7200.0000,0.1152,11.5196,49.0323,2.4604,49.3882,0.9202,49.0323,2.4604
7200.0000,0.1201,12.0098,49.0322,2.4604,49.3882,0.9202,49.0322,2.4604
7200.0000,0.1250,12.5000,49.0321,2.4604,49.3881,0.9202,49.0321,2.4604
7200.0000,0.1299,12.9902,49.0322,2.4604,49.3882,0.9202,49.0322,2.4604
7200.0000,0.1348,13.4804,49.0323,2.4604,49.3882,0.9202,49.0323,2.4604
7200.0000,0.1397,13.9706,49.0326,2.4604,49.3884,0.9202,49.0326,2.4604
7200.0000,0.1446,14.4608,49.0329,2.4604,49.3886,0.9202,49.0329,2.4604
7200.0000,0.1495,14.9510,49.0335,2.4604,49.3889,0.9202,49.0335,2.4604
7200.0000,0.1544,15.4412,49.0343,2.4604,49.3894,0.9202,49.0343,2.4604
7200.0000,0.1593,15.9314,49.0354,2.4604,49.3900,0.9202,49.0354,2.4604
7200.0000,0.1642,16.4216,49.0368,2.4604,49.3908,0.9202,49.0368,2.4604
7200.0000,0.1691,16.9118,49.0388,2.4604,49.3919,0.9202,49.0388,2.4604
7200.0000,0.1740,17.4020,49.0414,2.4604,49.3933,0.9202,49.0414,2.4604
7200.0000,0.1789,17.8922,49.0448,2.4604,49.3952,0.9202,49.0448,2.4604
7200.0000,0.1838,18.3824,49.0493,2.4604,49.3977,0.9202,49.0493,2.4604
7200.0000,0.1887,18.8725,49.0552,2.4604,49.4010,0.9202,49.0552,2.4604
7200.0000,0.1936,19.3627,49.0628,2.4604,49.4052,0.9202,49.0628,2.4604
7200.0000,0.1985,19.8529,49.0725,2.4604,49.4107,0.9202,49.0725,2.4604
7200.0000,0.2034,20.3431,49.0850,2.4604,49.4176,0.9202,49.0850,2.4604
7200.0000,0.2083,20.8333,49.1008,2.4604,49.4264,0.9202,49.1008,2.4604
7200.0000,0.2132,21.3235,49.1208,2.4603,49.4375,0.9202,49.1208,2.4603
7200.0000,0.2181,21.8137,49.1458,2.4600,49.4514,0.9201,49.1458,2.4600
7200.0000,0.2230,22.3039,49.1769,2.4583,49.4688,0.9196,49.1769,2.4583
7200.0000,0.2279,22.7941,49.2155,2.4508,49.4903,0.9172,49.2155,2.4508
7200.0000,0.2328,23.2843,49.2634,2.4230,49.5170,0.9073,49.2634,2.4230
7200.0000,0.2377,23.7745,49.3226,2.3338,49.5502,0.8728,49.3226,2.3338
7200.0000,0.2426,24.2647,49.3959,2.0942,49.5914,0.7721,49.3959,2.0942
7200.0000,0.2475,24.7549,49.4854,1.5410,49.6420,0.4999,49.5387,1.0443
14400.0000,0.0025,0.2451,50.0083,1.0853,50.0196,0.2086,50.0311,0.6828
14400.0000,0.0074,0.7353,50.0073,1.5774,50.0178,0.4217,50.0073,1.5774
14400.0000,0.0123,1.2255,50.0079,1.8387,50.0184,0.5199,50.0079,1.8387
14400.0000,0.0172,1.7157,50.0069,1.9745,50.0180,0.5682,50.0069,1.9745
14400.0000,0.0221,2.2059,50.0056,2.0388,50.0173,0.5898,50.0056,2.0388
14400.0000,0.0270,2.6961,50.0046,2.0662,50.0168,0.5984,50.0046,2.0662
14400.0000,0.0319,3.1863,50.0040,2.0766,50.0165,0.6015,50.0040,2.0766
14400.0000,0.0368,3.6765,50.0037,2.0802,50.0163,0.6024,50.0037,2.0802
14400.0000,0.0417,4.1667,50.0034,2.0814,50.0161,0.6027,50.0034,2.0814
14400.0000,0.0466,4.6569,50.0033,2.0817,50.0160,0.6028,50.0033,2.0817
14400.0000,0.0515,5.1471,50.0031,2.0818,50.0160,0.6028,50.0031,2.0818
14400.0000,0.0564,5.6373,50.0030,2.0818,50.0159,0.6028,50.0030,2.0818
14400.0000,0.0613,6.1275,50.0030,2.0818,50.0159,0.6028,50.0030,2.0818
14400.0000,0.0662,6.6176,50.0029,2.0818,50.0158,0.6028,50.0029,2.0818
14400.0000,0.0711,7.1078,50.0028,2.0818,50.0158,0.6028,50.0028,2.0818
14400.0000,0.0760,7.5980,50.0028,2.0818,50.0158,0.6028,50.0028,2.0818
14400.0000,0.0809,8.0882,50.0027,2.0818,50.0157,0.6028,50.0027,2.0818
14400.0000,0.0858,8.5784,50.0027,2.0818,50.0157,0.6028,50.0027,2.0818
14400.0000,0.0907,9.0686,50.0027,2.0818,50.0157,0.6028,50.0027,2.0818
14400.0000,0.0956,9.5588,50.0026,2.0818,50.0157,0.6028,50.0026,2.0818
14400.0000,0.1005,10.0490,50.0026,2.0818,50.0157,0.6028,50.0026,2.0818
14400.0000,0.1054,10.5392,50.0026,2.0818,50.0157,0.6028,50.0026,2.0818
14400.0000,0.1103,11.0294,50.0026,2.0818,50.0157,0.6028,50.0026,2.0818
14400.0000,0.1152,11.5196,50.0026,2.0818,50.0156,0.6028,50.0026,2.0818
14400.0000,0.1201,12.0098,50.0025,2.0818,50.0156,0.6028,50.0025,2.0818
14400.0000,0.1250,12.5000,50.0025,2.0818,50.0156,0.6028,50.0025,2.0818
14400.0000,0.1299,12.9902,50.0025,2.0818,50.0156,0.6028,50.0025,2.0818
14400.0000,0.1348,13.4804,50.0026,2.0818,50.0156,0.6028,50.0026,2.0818
14400.0000,0.1397,13.9706,50.0026,2.0818,50.0157,0.6028,50.0026,2.0818
14400.0000,0.1446,14.4608,50.0026,2.0818,50.0157,0.6028,50.0026,2.0818
14400.0000,0.1495,14.9510,50.0026,2.0818,50.0157,0.6028,50.0026,2.0818
14400.0000,0.1544,15.4412,50.0026,2.0818,50.0157,0.6028,50.0026,2.0818
14400.0000,0.1593,15.9314,50.0027,2.0818,50.0157,0.6028,50.0027,2.0818
14400.0000,0.1642,16.4216,50.0027,2.0818,50.0157,0.6028,50.0027,2.0818
14400.0000,0.1691,16.9118,50.0027,2.0818,50.0157,0.6028,50.0027,2.0818
14400.0000,0.1740,17.4020,50.0028,2.0818,50.0158,0.6028,50.0028,2.0818
14400.0000,0.1789,17.8922,50.0028,2.0818,50.0158,0.6028,50.0028,2.0818
14400.0000,0.1838,18.3824,50.0029,2.0818,50.0158,0.6028,50.0029,2.0818
14400.0000,0.1887,18.8725,50.0030,2.0818,50.0159,0.6028,50.0030,2.0818
14400.0000,0.1936,19.3627,50.0030,2.0818,50.0159,0.6028,50.0030,2.0818
14400.0000,0.1985,19.8529,50.0031,2.0818,50.0160,0.6028,50.0031,2.0818
14400.0000,0.2034,20.3431,50.0033,2.0817,50.0160,0.6028,50.0033,2.0817
14400.0000,0.2083,20.8333,50.0034,2.0814,50.0161,0.6027,50.0034,2.0814
14400.0000,0.2132,21.3235,50.0037,2.0802,50.0163,0.6024,50.0037,2.0802
14400.0000,0.2181,21.8137,50.0040,2.0766,50.0165,0.6015,50.0040,2.0766
14400.0000,0.2230,22.3039,50.0046,2.0662,50.0168,0.5984,50.0046,2.0662
14400.0000,0.2279,22.7941,50.0056,2.0388,50.0173,0.5898,50.0056,2.0388
14400.0000,0.2328,23.2843,50.0069,1.9745,50.0180,0.5682,50.0069,1.9745
14400.0000,0.2377,23.7745,50.0079,1.8387,50.0184,0.5199,50.0079,1.8387
14400.0000,0.2426,24.2647,50.0073,1.5774,50.0178,0.4217,50.0073,1.5774
14400.0000,0.2475,24.7549,50.0083,1.0853,50.0196,0.2086,50.0311,0.6828
28800.0000,0.0025,0.2451,50.1650,0.6510,50.1650,0.0864,50.1650,0.3363
28800.0000,0.0074,0.7353,50.1650,1.0057,50.1650,0.1805,50.1650,1.0057
28800.0000,0.0123,1.2255,50.1650,1.1922,50.1650,0.2362,50.1650,1.1922
28800.0000,0.0172,1.7157,50.1650,1.3029,50.1650,0.2704,50.1650,1.3029
28800.0000,0.0221,2.2059,50.1650,1.3680,50.1650,0.2907,50.1650,1.3680
28800.0000,0.0270,2.6961,50.1650,1.4048,50.1650,0.3019,50.1650,1.4048
28800.0000,0.0319,3.1863,50.1650,1.4243,50.1650,0.3077,50.1650,1.4243
28800.0000,0.0368,3.6765,50.1650,1.4341,50.1650,0.3105,50.1650,1.4341
28800.0000,0.0417,4.1667,50.1650,1.4387,50.1650,0.3118,50.1650,1.4387
28800.0000,0.0466,4.6569,50.1650,1.4407,50.1650,0.3123,50.1650,1.4407
28800.0000,0.0515,5.1471,50.1650,1.4416,50.1650,0.3125,50.1650,1.4416
28800.0000,0.0564,5.6373,50.1650,1.4419,50.1650,0.3126,50.1650,1.4419
28800.0000,0.0613,6.1275,50.1650,1.4420,50.1650,0.3126,50.1650,1.4420
28800.0000,0.0662,6.6176,50.1650,1.4420,50.1650,0.3126,50.1650,1.4420
28800.0000,0.0711,7.1078,50.1650,1.4420,50.1650,0.3126,50.1650,1.4420
28800.0000,0.0760,7.5980,50.1650,1.4421,50.1650,0.3126,50.1650,1.4421
28800.0000,0.0809,8.0882,50.1650,1.4421,50.1650,0.3126,50.1650,1.4421
28800.0000,0.0858,8.5784,50.1650,1.4421,50.1650,0.3126,50.1650,1.4421
28800.0000,0.0907,9.0686,50.1650,1.4421,50.1650,0.3126,50.1650,1.4421
28800.0000,0.0956,9.5588,50.1650,1.4421,50.1650,0.3126,50.1650,1.4421
28800.0000,0.1005,10.0490,50.1650,1.4421,50.1650,0.3126,50.1650,1.4421
28800.0000,0.1054,10.5392,50.1650,1.4421,50.1650,0.3126,50.1650,1.4421
28800.0000,0.1103,11.0294,50.1650,1.4421,50.1650,0.3126,50.1650,1.4421
28800.0000,0.1152,11.5196,50.1650,1.4421,50.1650,0.3126,50.1650,1.4421
28800.0000,0.1201,12.0098,50.1650,1.4421,50.1650,0.3126,50.1650,1.4421
28800.0000,0.1250,12.5000,50.1650,1.4421,50.1650,0.3126,50.1650,1.4421
28800.0000,0.1299,12.9902,50.1650,1.4421,50.1650,0.3126,50.1650,1.4421
28800.0000,0.1348,13.4804,50.1650,1.4421,50.1650,0.3126,50.1650,1.4421
28800.0000,0.1397,13.9706,50.1650,1.4421,50.1650,0.3126,50.1650,1.4421
28800.0000,0.1446,14.4608,50.1650,1.4421,50.1650,0.3126,50.1650,1.4421
28800.0000,0.1495,14.9510,50.1650,1.4421,50.1650,0.3126,50.1650,1.4421
28800.0000,0.1544,15.4412,50.1650,1.4421,50.1650,0.3126,50.1650,1.4421
28800.0000,0.1593,15.9314,50.1650,1.4421,50.1650,0.3126,50.1650,1.4421
28800.0000,0.1642,16.4216,50.1650,1.4421,50.1650,0.3126,50.1650,1.4421
28800.0000,0.1691,16.9118,50.1650,1.4421,50.1650,0.3126,50.1650,1.4421
28800.0000,0.1740,17.4020,50.1650,1.4421,50.1650,0.3126,50.1650,1.4421
28800.0000,0.1789,17.8922,50.1650,1.4420,50.1650,0.3126,50.1650,1.4420
28800.0000,0.1838,18.3824,50.1650,1.4420,50.1650,0.3126,50.1650,1.4420
28800.0000,0.1887,18.8725,50.1650,1.4420,50.1650,0.3126,50.1650,1.4420
28800.0000,0.1936,19.3627,50.1650,1.4419,50.1650,0.3126,50.1650,1.4419
28800.0000,0.1985,19.8529,50.1650,1.4416,50.1650,0.3125,50.1650,1.4416
28800.0000,0.2034,20.3431,50.1650,1.4407,50.1650,0.3123,50.1650,1.4407
28800.0000,0.2083,20.8333,50.1650,1.4387,50.1650,0.3118,50.1650,1.4387
28800.0000,0.2132,21.3235,50.1650,1.4341,50.1650,0.3105,50.1650,1.4341
28800.0000,0.2181,21.8137,50.1650,1.4243,50.1650,0.3077,50.1650,1.4243
28800.0000,0.2230,22.3039,50.1650,1.4048,50.1650,0.3019,50.1650,1.4048
28800.0000,0.2279,22.7941,50.1650,1.3680,50.1650,0.2907,50.1650,1.3680
28800.0000,0.2328,23.2843,50.1650,1.3029,50.1650,0.2704,50.1650,1.3029
28800.0000,0.2377,23.7745,50.1650,1.1922,50.1650,0.2362,50.1650,1.1922
28800.0000,0.2426,24.2647,50.1650,1.0057,50.1650,0.1805,50.1650,1.0057
28800.0000,0.2475,24.7549,50.1650,0.6510,50.1650,0.0864,50.1650,0.3363
86400.0000,0.0025,0.2451,50.1650,0.3058,50.1650,0.0531,50.1650,0.0915
86400.0000,0.0074,0.7353,50.1650,0.4777,50.1650,0.0666,50.1650,0.4777
86400.0000,0.0123,1.2255,50.1650,0.5501,50.1650,0.0751,50.1650,0.5501
86400.0000,0.0172,1.7157,50.1650,0.5918,50.1650,0.0807,50.1650,0.5918
86400.0000,0.0221,2.2059,50.1650,0.6175,50.1650,0.0843,50.1650,0.6175
86400.0000,0.0270,2.6961,50.1650,0.6336,50.1650,0.0866,50.1650,0.6336
86400.0000,0.0319,3.1863,50.1650,0.6437,50.1650,0.0881,50.1650,0.6437
86400.0000,0.0368,3.6765,50.1650,0.6501,50.1650,0.0891,50.1650,0.6501
86400.0000,0.0417,4.1667,50.1650,0.6540,50.1650,0.0896,50.1650,0.6540
86400.0000,0.0466,4.6569,50.1650,0.6564,50.1650,0.0900,50.1650,0.6564
86400.0000,0.0515,5.1471,50.1650,0.6578,50.1650,0.0902,50.1650,0.6578
86400.0000,0.0564,5.6373,50.1650,0.6586,50.1650,0.0903,50.1650,0.6586
86400.0000,0.0613,6.1275,50.1650,0.6590,50.1650,0.0904,50.1650,0.6590
86400.0000,0.0662,6.6176,50.1650,0.6593,50.1650,0.0904,50.1650,0.6593
86400.0000,0.0711,7.1078,50.1650,0.6594,50.1650,0.0904,50.1650,0.6594
86400.0000,0.0760,7.5980,50.1650,0.6595,50.1650,0.0904,50.1650,0.6595
86400.0000,0.0809,8.0882,50.1650,0.6595,50.1650,0.0904,50.1650,0.6595
86400.0000,0.0858,8.5784,50.1650,0.6595,50.1650,0.0904,50.1650,0.6595
86400.0000,0.0907,9.0686,50.1650,0.6595,50.1650,0.0904,50.1650,0.6595
86400.0000,0.0956,9.5588,50.1650,0.6595,50.1650,0.0904,50.1650,0.6595
86400.0000,0.1005,10.0490,50.1650,0.6595,50.1650,0.0904,50.1650,0.6595
86400.0000,0.1054,10.5392,50.1650,0.6595,50.1650,0.0904,50.1650,0.6595
86400.0000,0.1103,11.0294,50.1650,0.6595,50.1650,0.0904,50.1650,0.6595
86400.0000,0.1152,11.5196,50.1650,0.6595,50.1650,0.0904,50.1650,0.6595
86400.0000,0.1201,12.0098,50.1650,0.6595,50.1650,0.0904,50.1650,0.6595
86400.0000,0.1250,12.5000,50.1650,0.6595,50.1650,0.0904,50.1650,0.6595
86400.0000,0.1299,12.9902,50.1650,0.6595,50.1650,0.0904,50.1650,0.6595
86400.0000,0.1348,13.4804,50.1650,0.6595,50.1650,0.0904,50.1650,0.6595
86400.0000,0.1397,13.9706,50.1650,0.6595,50.1650,0.0904,50.1650,0.6595
86400.0000,0.1446,14.4608,50.1650,0.6595,50.1650,0.0904,50.1650,0.6595
86400.0000,0.1495,14.9510,50.1650,0.6595,50.1650,0.0904,50.1650,0.6595
86400.0000,0.1544,15.4412,50.1650,0.6595,50.1650,0.0904,50.1650,0.6595
86400.0000,0.1593,15.9314,50.1650,0.6595,50.1650,0.0904,50.1650,0.6595
86400.0000,0.1642,16.4216,50.1650,0.6595,50.1650,0.0904,50.1650,0.6595
86400.0000,0.1691,16.9118,50.1650,0.6595,50.1650,0.0904,50.1650,0.6595
86400.0000,0.1740,17.4020,50.1650,0.6595,50.1650,0.0904,50.1650,0.6595
86400.0000,0.1789,17.8922,50.1650,0.6594,50.1650,0.0904,50.1650,0.6594
86400.0000,0.1838,18.3824,50.1650,0.6593,50.1650,0.0904,50.1650,0.6593
86400.0000,0.1887,18.8725,50.1650,0.6590,50.1650,0.0904,50.1650,0.6590
86400.0000,0.1936,19.3627,50.1650,0.6586,50.1650,0.0903,50.1650,0.6586
86400.0000,0.1985,19.8529,50.1650,0.6578,50.1650,0.0902,50.1650,0.6578
86400.0000,0.2034,20.3431,50.1650,0.6564,50.1650,0.0900,50.1650,0.6564
86400.0000,0.2083,20.8333,50.1650,0.6540,50.1650,0.0896,50.1650,0.6540
86400.0000,0.2132,21.3235,50.1650,0.6501,50.1650,0.0891,50.1650,0.6501
86400.0000,0.2181,21.8137,50.1650,0.6437,50.1650,0.0881,50.1650,0.6437
86400.0000,0.2230,22.3039,50.1650,0.6336,50.1650,0.0866,50.1650,0.6336
86400.0000,0.2279,22.7941,50.1650,0.6175,50.1650,0.0843,50.1650,0.6175
86400.0000,0.2328,23.2843,50.1650,0.5918,50.1650,0.0807,50.1650,0.5918
86400.0000,0.2377,23.7745,50.1650,0.5501,50.1650,0.0751,50.1650,0.5501
86400.0000,0.2426,24.2647,50.1650,0.4777,50.1650,0.0666,50.1650,0.4777
86400.0000,0.2475,24.7549,50.1650,0.3058,50.1650,0.0531,50.1650,0.0915
172800.0000,0.0025,0.2451,50.1650,0.2260,50.1650,0.0507,50.1650,0.0613
172800.0000,0.0074,0.7353,50.1650,0.3361,50.1650,0.0545,50.1650,0.3361
172800.0000,0.0123,1.2255,50.1650,0.3778,50.1650,0.0568,50.1650,0.3778
172800.0000,0.0172,1.7157,50.1650,0.4005,50.1650,0.0583,50.1650,0.4005
172800.0000,0.0221,2.2059,50.1650,0.4141,50.1650,0.0592,50.1650,0.4141
172800.0000,0.0270,2.6961,50.1650,0.4226,50.1650,0.0598,50.1650,0.4226
172800.0000,0.0319,3.1863,50.1650,0.4278,50.1650,0.0602,50.1650,0.4278
172800.0000,0.0368,3.6765,50.1650,0.4312,50.1650,0.0605,50.1650,0.4312
172800.0000,0.0417,4.1667,50.1650,0.4333,50.1650,0.0607,50.1650,0.4333
172800.0000,0.0466,4.6569,50.1650,0.4347,50.1650,0.0608,50.1650,0.4347
172800.0000,0.0515,5.1471,50.1650,0.4355,50.1650,0.0608,50.1650,0.4355
172800.0000,0.0564,5.6373,50.1650,0.4361,50.1650,0.0609,50.1650,0.4361
172800.0000,0.0613,6.1275,50.1650,0.4364,50.1650,0.0609,50.1650,0.4364
172800.0000,0.0662,6.6176,50.1650,0.4366,50.1650,0.0609,50.1650,0.4366
172800.0000,0.0711,7.1078,50.1650,0.4367,50.1650,0.0609,50.1650,0.4367
172800.0000,0.0760,7.5980,50.1650,0.4368,50.1650,0.0609,50.1650,0.4368
172800.0000,0.0809,8.0882,50.1650,0.4368,50.1650,0.0609,50.1650,0.4368
172800.0000,0.0858,8.5784,50.1650,0.4368,50.1650,0.0609,50.1650,0.4368
172800.0000,0.0907,9.0686,50.1650,0.4368,50.1650,0.0609,50.1650,0.4368
172800.0000,0.0956,9.5588,50.1650,0.4368,50.1650,0.0609,50.1650,0.4368
172800.0000,0.1005,10.0490,50.1650,0.4368,50.1650,0.0609,50.1650,0.4368
172800.0000,0.1054,10.5392,50.1650,0.4368,50.1650,0.0609,50.1650,0.4368
172800.0000,0.1103,11.0294,50.1650,0.4368,50.1650,0.0609,50.1650,0.4368
172800.0000,0.1152,11.5196,50.1650,0.4368,50.1650,0.0609,50.1650,0.4368
172800.0000,0.1201,12.0098,50.1650,0.4368,50.1650,0.0609,50.1650,0.4368
172800.0000,0.1250,12.5000,50.1650,0.4368,50.1650,0.0609,50.1650,0.4368
172800.0000,0.1299,12.9902,50.1650,0.4368,50.1650,0.0609,50.1650,0.4368
172800.0000,0.1348,13.4804,50.1650,0.4368,50.1650,0.0609,50.1650,0.4368
172800.0000,0.1397,13.9706,50.1650,0.4368,50.1650,0.0609,50.1650,0.4368
172800.0000,0.1446,14.4608,50.1650,0.4368,50.1650,0.0609,50.1650,0.4368
172800.0000,0.1495,14.9510,50.1650,0.4368,50.1650,0.0609,50.1650,0.4368
172800.0000,0.1544,15.4412,50.1650,0.4368,50.1650,0.0609,50.1650,0.4368
172800.0000,0.1593,15.9314,50.1650,0.4368,50.1650,0.0609,50.1650,0.4368
172800.0000,0.1642,16.4216,50.1650,0.4368,50.1650,0.0609,50.1650,0.4368
172800.0000,0.1691,16.9118,50.1650,0.4368,50.1650,0.0609,50.1650,0.4368
172800.0000,0.1740,17.4020,50.1650,0.4368,50.1650,0.0609,50.1650,0.4368
172800.0000,0.1789,17.8922,50.1650,0.4367,50.1650,0.0609,50.1650,0.4367
172800.0000,0.1838,18.3824,50.1650,0.4366,50.1650,0.0609,50.1650,0.4366
172800.0000,0.1887,18.8725,50.1650,0.4364,50.1650,0.0609,50.1650,0.4364
172800.0000,0.1936,19.3627,50.1650,0.4361,50.1650,0.0609,50.1650,0.4361
172800.0000,0.1985,19.8529,50.1650,0.4355,50.1650,0.0608,50.1650,0.4355
172800.0000,0.2034,20.3431,50.1650,0.4347,50.1650,0.0608,50.1650,0.4347
172800.0000,0.2083,20.8333,50.1650,0.4333,50.1650,0.0607,50.1650,0.4333
172800.0000,0.2132,21.3235,50.1650,0.4312,50.1650,0.0605,50.1650,0.4312
172800.0000,0.2181,21.8137,50.1650,0.4278,50.1650,0.0602,50.1650,0.4278
172800.0000,0.2230,22.3039,50.1650,0.4226,50.1650,0.0598,50.1650,0.4226
172800.0000,0.2279,22.7941,50.1650,0.4141,50.1650,0.0592,50.1650,0.4141
172800.0000,0.2328,23.2843,50.1650,0.4005,50.1650,0.0583,50.1650,0.4005
172800.0000,0.2377,23.7745,50.1650,0.3778,50.1650,0.0568,50.1650,0.3778
172800.0000,0.2426,24.2647,50.1650,0.3361,50.1650,0.0545,50.1650,0.3361
172800.0000,0.2475,24.7549,50.1650,0.2260,50.1650,0.0507,50.1650,0.0613
259200.0000,0.0025,0.2451,50.1650,0.1975,50.1650,0.0503,50.1650,0.0555
259200.0000,0.0074,0.7353,50.1650,0.2852,50.1650,0.0521,50.1650,0.2852
259200.0000,0.0123,1.2255,50.1650,0.3169,50.1650,0.0532,50.1650,0.3169
259200.0000,0.0172,1.7157,50.1650,0.3338,50.1650,0.0539,50.1650,0.3338
259200.0000,0.0221,2.2059,50.1650,0.3437,50.1650,0.0544,50.1650,0.3437
259200.0000,0.0270,2.6961,50.1650,0.3497,50.1650,0.0547,50.1650,0.3497
259200.0000,0.0319,3.1863,50.1650,0.3535,50.1650,0.0549,50.1650,0.3535
259200.0000,0.0368,3.6765,50.1650,0.3559,50.1650,0.0550,50.1650,0.3559
259200.0000,0.0417,4.1667,50.1650,0.3574,50.1650,0.0550,50.1650,0.3574
259200.0000,0.0466,4.6569,50.1650,0.3583,50.1650,0.0551,50.1650,0.3583
259200.0000,0.0515,5.1471,50.1650,0.3589,50.1650,0.0551,50.1650,0.3589
259200.0000,0.0564,5.6373,50.1650,0.3593,50.1650,0.0551,50.1650,0.3593
259200.0000,0.0613,6.1275,50.1650,0.3596,50.1650,0.0552,50.1650,0.3596
259200.0000,0.0662,6.6176,50.1650,0.3597,50.1650,0.0552,50.1650,0.3597
259200.0000,0.0711,7.1078,50.1650,0.3598,50.1650,0.0552,50.1650,0.3598
259200.0000,0.0760,7.5980,50.1650,0.3598,50.1650,0.0552,50.1650,0.3598
259200.0000,0.0809,8.0882,50.1650,0.3599,50.1650,0.0552,50.1650,0.3599
259200.0000,0.0858,8.5784,50.1650,0.3599,50.1650,0.0552,50.1650,0.3599
259200.0000,0.0907,9.0686,50.1650,0.3599,50.1650,0.0552,50.1650,0.3599
259200.0000,0.0956,9.5588,50.1650,0.3599,50.1650,0.0552,50.1650,0.3599
259200.0000,0.1005,10.0490,50.1650,0.3599,50.1650,0.0552,50.1650,0.3599
259200.0000,0.1054,10.5392,50.1650,0.3599,50.1650,0.0552,50.1650,0.3599
259200.0000,0.1103,11.0294,50.1650,0.3599,50.1650,0.0552,50.1650,0.3599
259200.0000,0.1152,11.5196,50.1650,0.3599,50.1650,0.0552,50.1650,0.3599
259200.0000,0.1201,12.0098,50.1650,0.3599,50.1650,0.0552,50.1650,0.3599
259200.0000,0.1250,12.5000,50.1650,0.3599,50.1650,0.0552,50.1650,0.3599
259200.0000,0.1299,12.9902,50.1650,0.3599,50.1650,0.0552,50.1650,0.3599
259200.0000,0.1348,13.4804,50.1650,0.3599,50.1650,0.0552,50.1650,0.3599
259200.0000,0.1397,13.9706,50.1650,0.3599,50.1650,0.0552,50.1650,0.3599
259200.0000,0.1446,14.4608,50.1650,0.3599,50.1650,0.0552,50.1650,0.3599
259200.0000,0.1495,14.9510,50.1650,0.3599,50.1650,0.0552,50.1650,0.3599
259200.0000,0.1544,15.4412,50.1650,0.3599,50.1650,0.0552,50.1650,0.3599
259200.0000,0.1593,15.9314,50.1650,0.3599,50.1650,0.0552,50.1650,0.3599
259200.0000,0.1642,16.4216,50.1650,0.3599,50.1650,0.0552,50.1650,0.3599
259200.0000,0.1691,16.9118,50.1650,0.3599,50.1650,0.0552,50.1650,0.3599
259200.0000,0.1740,17.4020,50.1650,0.3598,50.1650,0.0552,50.1650,0.3598
259200.0000,0.1789,17.8922,50.1650,0.3598,50.1650,0.0552,50.1650,0.3598
259200.0000,0.1838,18.3824,50.1650,0.3597,50.1650,0.0552,50.1650,0.3597
259200.0000,0.1887,18.8725,50.1650,0.3596,50.1650,0.0552,50.1650,0.3596
259200.0000,0.1936,19.3627,50.1650,0.3593,50.1650,0.0551,50.1650,0.3593
259200.0000,0.1985,19.8529,50.1650,0.3589,50.1650,0.0551,50.1650,0.3589
259200.0000,0.2034,20.3431,50.1650,0.3583,50.1650,0.0551,50.1650,0.3583
259200.0000,0.2083,20.8333,50.1650,0.3574,50.1650,0.0550,50.1650,0.3574
259200.0000,0.2132,21.3235,50.1650,0.3559,50.1650,0.0550,50.1650,0.3559
259200.0000,0.2181,21.8137,50.1650,0.3535,50.1650,0.0549,50.1650,0.3535
259200.0000,0.2230,22.3039,50.1650,0.3497,50.1650,0.0547,50.1650,0.3497
259200.0000,0.2279,22.7941,50.1650,0.3437,50.1650,0.0544,50.1650,0.3437
259200.0000,0.2328,23.2843,50.1650,0.3338,50.1650,0.0539,50.1650,0.3338
259200.0000,0.2377,23.7745,50.1650,0.3169,50.1650,0.0532,50.1650,0.3169
259200.0000,0.2426,24.2647,50.1650,0.2852,50.1650,0.0521,50.1650,0.2852
259200.0000,0.2475,24.7549,50.1650,0.1975,50.1650,0.0503,50.1650,0.0555
